ID,Type,SKU,Name,Published,"Is featured?","Visibility in catalog","Short description",Description,"Date sale price starts","Date sale price ends","Tax status","Tax class","In stock?",Stock,"Low stock amount","Backorders allowed?","Sold individually?","Weight (kg)","Length (cm)","Width (cm)","Height (cm)","Allow customer reviews?","Purchase note","Sale price","Regular price",Categories,Tags,"Shipping class",Images,"Download limit","Download expiry days",Parent,"Grouped products",Upsells,Cross-sells,"External URL","Button text",Position,"Swatches Attributes","Attribute 1 name","Attribute 1 value(s)","Attribute 1 visible","Attribute 1 global","Attribute 2 name","Attribute 2 value(s)","Attribute 2 visible","Attribute 2 global","Download 1 ID","Download 1 name","Download 1 URL"
65,simple,Clock-10,Clock,1,0,visible,"&nbsp;\n<div id=""eJOY__extension_root"" class=""eJOY__extension_root_class"" style=""all: unset;""></div>","This stylish clock is designed to blend seamlessly with any decor. Featuring a clear and easy-to-read face, it keeps accurate time while adding a modern touch to your space. Perfect for both home and office, its durable build ensures long-lasting performance. Whether hung on the wall or placed on a desk, this clock is a practical and elegant addition to any room.\n<div id=""eJOY__extension_root"" class=""eJOY__extension_root_class"" style=""all: unset;""></div>",,,taxable,custom-tax-rate,1,10,,0,0,,,,,1,,"99,00","120,00",Uncategorized,,,,,,,,,,,,0,"{""color"":{""name"":""color"",""type"":""color"",""terms"":[]},""Size"":{""name"":""Size"",""type"":""radio"",""terms"":{""L"":{""name"":""L"",""color"":"""",""image"":"""",""show_tooltip"":"""",""tooltip_text"":"""",""tooltip_image"":"""",""image_size"":""""},""M"":{""name"":""M"",""color"":"""",""image"":"""",""show_tooltip"":"""",""tooltip_text"":"""",""tooltip_image"":"""",""image_size"":""""},""S"":{""name"":""S"",""color"":"""",""image"":"""",""show_tooltip"":"""",""tooltip_text"":"""",""tooltip_image"":"""",""image_size"":""""}}}}",color,,1,1,Size,"L, M, S",1,1,,,
71,simple,Clock-18,placard,1,0,visible,"&nbsp;\n<div id=""eJOY__extension_root"" class=""eJOY__extension_root_class"" style=""all: unset;""></div>","Learn how PickMe UP streamlines school pickups. A free and easy-to-use app for schools, teachers, and parents. Step-by-step guide for secure student dismissal\n<div id=""eJOY__extension_root"" class=""eJOY__extension_root_class"" style=""all: unset;""></div>",,,taxable,,1,,,0,0,10,,,,1,,"99,00","120,00",Bedroom,"placard, white placard",,"http://ecom.local/wp-content/uploads/2024/10/lqyj1jcm.png, http://ecom.local/wp-content/uploads/2024/10/0zt7wsir.png",,,,,,,,,0,,,,,,,,,,,,
76,variable,"UPPLAND SOFA","UPPLAND SOFA",1,0,visible,,"Enjoy the super comfy UPPLAND sofa with <b>embracing feel and deep seat cushions made of pocket springs, high resilience foam and polyester fibers, adding both firm support and relaxing softness</b>.\n\nEnjoy the super comfy UPPLAND sofa with <b>embracing feel and deep seat cushions made of pocket springs, high resilience foam and polyester fibers, adding both firm support and relaxing softness</b>.Enjoy the super comfy UPPLAND sofa with <b>embracing feel and deep seat cushions made of pocket springs, high resilience foam and polyester fibers, adding both firm support and relaxing softness</b>.\n<div id=""eJOY__extension_root"" class=""eJOY__extension_root_class"" style=""all: unset;""></div>",,,taxable,,1,,,0,0,,,,,1,,,,Forniture,"Living room, Sofas",,"http://ecom.local/wp-content/uploads/2024/10/1528.jpg, http://ecom.local/wp-content/uploads/2024/10/product-13.jpg, http://ecom.local/wp-content/uploads/2024/10/hidjlaxc.png, http://ecom.local/wp-content/uploads/2024/10/sb97qmil.png",,,,,,,,,0,"{""color"":{""name"":""color"",""type"":""color"",""terms"":[]},""Size"":{""name"":""Size"",""type"":""radio"",""terms"":{""L"":{""name"":""L"",""color"":"""",""image"":"""",""show_tooltip"":"""",""tooltip_text"":"""",""tooltip_image"":"""",""image_size"":""""},""M"":{""name"":""M"",""color"":"""",""image"":"""",""show_tooltip"":"""",""tooltip_text"":"""",""tooltip_image"":"""",""image_size"":""""},""S"":{""name"":""S"",""color"":"""",""image"":"""",""show_tooltip"":"""",""tooltip_text"":"""",""tooltip_image"":"""",""image_size"":""""}}}}",color,,1,1,Size,"L, M, S",1,1,,,
77,variation,,"UPPLAND SOFA - Beige, L",1,0,visible,,,,,taxable,parent,1,,,0,0,,,,,0,,,130,,,,http://ecom.local/wp-content/uploads/2024/10/product-13.jpg,,,"UPPLAND SOFA",,,,,,1,,color,Beige,,1,Size,L,,1,,,
78,variation,,"UPPLAND SOFA - Beige, M",1,0,visible,,,,,taxable,parent,1,,,0,0,,,,,0,,,120,,,,http://ecom.local/wp-content/uploads/2024/10/product-13.jpg,,,"UPPLAND SOFA",,,,,,2,,color,Beige,,1,Size,M,,1,,,
79,variation,,"UPPLAND SOFA - Beige, S",1,0,visible,,,,,taxable,parent,1,,,0,0,,,,,0,,,120,,,,http://ecom.local/wp-content/uploads/2024/10/product-13.jpg,,,"UPPLAND SOFA",,,,,,3,,color,Beige,,1,Size,S,,1,,,
80,variation,,"UPPLAND SOFA - Black, L",1,0,visible,,,,,taxable,parent,1,,,0,0,,,,,0,,,150,,,,http://ecom.local/wp-content/uploads/2024/10/hidjlaxc.png,,,"UPPLAND SOFA",,,,,,4,,color,Black,,1,Size,L,,1,,,
81,variation,,"UPPLAND SOFA - Black, M",1,0,visible,,,,,taxable,parent,1,,,0,0,,,,,0,,,135,,,,http://ecom.local/wp-content/uploads/2024/10/hidjlaxc.png,,,"UPPLAND SOFA",,,,,,5,,color,Black,,1,Size,M,,1,,,
82,variation,,"UPPLAND SOFA - Black, S",1,0,visible,,,,,taxable,parent,1,,,0,0,,,,,0,,,130,,,,http://ecom.local/wp-content/uploads/2024/10/hidjlaxc.png,,,"UPPLAND SOFA",,,,,,6,,color,Black,,1,Size,S,,1,,,
83,variation,,"UPPLAND SOFA - white, L",1,0,visible,,,,,taxable,parent,1,,,0,0,,,,,0,,,150,,,,http://ecom.local/wp-content/uploads/2024/10/sb97qmil.png,,,"UPPLAND SOFA",,,,,,7,,color,white,,1,Size,L,,1,,,
84,variation,,"UPPLAND SOFA - white, M",1,0,visible,,,,,taxable,parent,1,,,0,0,,,,,0,,,135,,,,http://ecom.local/wp-content/uploads/2024/10/sb97qmil.png,,,"UPPLAND SOFA",,,,,,8,,color,white,,1,Size,M,,1,,,
85,variation,,"UPPLAND SOFA - white, S",1,0,visible,,,,,taxable,parent,1,,,0,0,,,,,0,,,130,,,,http://ecom.local/wp-content/uploads/2024/10/sb97qmil.png,,,"UPPLAND SOFA",,,,,,9,,color,white,,1,Size,S,,1,,,
90,"simple, virtual","Inteior Design Consultation by Howie Mandela","3 Hours Inteior Design Consultation by Howie Mandela",1,0,visible,"&nbsp;\n<div id=""eJOY__extension_root"" class=""eJOY__extension_root_class"" style=""all: unset;""></div>","During a full-service design consultation, you will likely work closely with the client to determine their design preferences, budget, and project goals. You will have to <b>create a detailed design plan, including floor plans, material selection, and color schemes</b>.\n\nDuring a full-service design consultation, you will likely work closely with the client to determine their design preferences, budget, and project goals. You will have to <b>create a detailed design plan, including floor plans, material selection, and color schemes</b>.During a full-service design consultation, you will likely work closely with the client to determine their design preferences, budget, and project goals. You will have to <b>create a detailed design plan, including floor plans, material selection, and color schemes</b>.\n<div id=""eJOY__extension_root"" class=""eJOY__extension_root_class"" style=""all: unset;""></div>",,,taxable,custom-tax-rate,1,,,0,1,,,,,1,"Thanks for purchasing!",110,"120,00",Virual,"1 on 1",,http://ecom.local/wp-content/uploads/2024/10/zui27dal.png,,,,,,,,,0,,,,,,,,,,,,
92,"simple, downloadable, virtual",,"Modern Interior -Ebook by kate spade",1,0,visible,"What is the Modern Theory of Interior Design? The modern theory of interior design revolves around the concept of ""<b>form follows function</b>.\n<div id=""eJOY__extension_root"" class=""eJOY__extension_root_class"" style=""all: unset;""></div>","Modern interior design refers to <b>a sleek and uncluttered style that began in the late 19<sup>th</sup> century</b>. In its purest form, modernism reflects a fuss-free approach to life. As a result, designers kept décor minimal while emphasizing industrial materials. In addition, patterns are also few and far between.\n\nModern interior design refers to <b>a sleek and uncluttered style that began in the late 19<sup>th</sup> century</b>. In its purest form, modernism reflects a fuss-free approach to life. As a result, designers kept décor minimal while emphasizing industrial materials. In addition, patterns are also few and far between.Modern interior design refers to <b>a sleek and uncluttered style that began in the late 19<sup>th</sup> century</b>. In its purest form, modernism reflects a fuss-free approach to life. As a result, designers kept décor minimal while emphasizing industrial materials. In addition, patterns are also few and far between.\n<div id=""eJOY__extension_root"" class=""eJOY__extension_root_class"" style=""all: unset;""></div>",,,taxable,custom-tax-rate,1,,,0,0,,,,,1,,79,87,Uncategorized,"Download E-book, Downloadable, E-book",,"http://ecom.local/wp-content/uploads/2024/10/nk6uha9s.png, http://ecom.local/wp-content/uploads/2024/10/v7cm8dew.png",10,'-1,,,,,,,0,,,,,,,,,,7f3bdb76-71e3-4014-b380-0be032137c4f,"Modern Interior Design",http://ecom.local/wp-content/uploads/woocommerce_uploads/2024/10/v7cm8dew-tv9tw3.png
96,external,,"product design describes the process of imagining, creating, and iterating products",1,0,visible,"&nbsp;\n<div id=""eJOY__extension_root"" class=""eJOY__extension_root_class"" style=""all: unset;""></div>","The definition of product design describes <b>the process of imagining, creating, and iterating products that solve users' problems or address specific needs in a given market</b>. The key to successful product design is understanding the end-user customer, the person for whom the product is being created.\n\nThe definition of product design describes the process of imagining, creating, and iterating products that solve users' problems or address specific needs in a given market. The key to successful product design is understanding the end-user customer, the person for whom the product is being created.The definition of product design describes the process of imagining, creating, and iterating products that solve users' problems or address specific needs in a given market. The key to successful product design is understanding the end-user customer, the person for whom the product is being created.The definition of product design describes the process of imagining, creating, and iterating products that solve users' problems or address specific needs in a given market. The key to successful product design is understanding the end-user customer, the person for whom the product is being created.The definition of product design describes the process of imagining, creating, and iterating products that solve users' problems or address specific needs in a given market. The key to successful product design is understanding the end-user customer, the person for whom the product is being created.\n<div id=""eJOY__extension_root"" class=""eJOY__extension_root_class"" style=""all: unset;""></div>",,,taxable,,1,,,0,0,,,,,1,,68,87,Furniture,"Chair, Furniture, Swivel",,"http://ecom.local/wp-content/uploads/2024/10/ekp4c769.png, http://ecom.local/wp-content/uploads/2024/10/xdxwuu6k.png",,,,,,,https://www.google.com/search?q=modern+interior+design&rlz=1C1AVFC_enMA1109MA1109&oq=&gs_lcrp=EgZjaHJvbWUqCQgBECMYJxjqAjIJCAAQIxgnGOoCMgkIARAjGCcY6gIyCQgCECMYJxjqAjIJCAMQIxgnGOoCMgkIBBAuGCcY6gIyCQgFECMYJxjqAjIJCAYQIxgnGOoCMgkIBxAjGCcY6gLSAQsyMTE1NDUxajBqN6gCCLACAQ&sourceid=chrome&ie=UTF-8,"Buy from PiPIP",0,,,,,,,,,,,,
519,variable,"sofa -1","Loveseat Sofa",1,0,visible,"<ul class=""a-unordered-list a-vertical a-spacing-mini"">\n 	<li class=""a-spacing-mini""><span class=""a-list-item"">Fabric Upgrade: The upgraded fabric is soft, breathable, and resistant to pilling. This ensures the couch will look stylish and last longer. Enjoy a chic feel every time you sit, without worrying about wear and tear.</span></li>\n 	<li class=""a-spacing-mini""><span class=""a-list-item"">Versatile Application: Ideal for small spaces, this loveseat sofa has overall dimensions of 32 inches (D) × 64 inches (W) × 34 inches (H), 20 inches deep seating areaspacious enough for 2 or 3 people. Suitable for living room, office, reception area, and cozy corner, its size fits to both spacious environments and smaller area settings.</span></li>\n</ul>","<div id=""title_feature_div"" class=""celwidget"" data-feature-name=""title"" data-csa-c-type=""widget"" data-csa-c-content-id=""title"" data-csa-c-slot-id=""title_feature_div"" data-csa-c-asin=""B0D9LZF5W3"" data-csa-c-is-in-initial-active-row=""false"" data-csa-c-id=""eegf4d-4d086e-ju8dmy-nllgw7"" data-cel-widget=""title_feature_div"">\n<div id=""titleSection"" class=""a-section a-spacing-none"">\n<h4 id=""title"" class=""a-size-large a-spacing-none""><span id=""productTitle"" class=""a-size-large product-title-word-break"">Novilla 64"" Loveseat Sofa Couch, Comfy Sofa Couch with Extra Deep Seats, Fabric Upholstered Loveseat Sofa, Couch for Living Room Apartment Lounge, White</span></h4>\n</div>\n</div>",,,none,,1,19,,0,0,,31.89,63.78,33.46,1,,,,Canapé,"Living room, sofa",,"http://ecom.local/wp-content/uploads/2024/12/81gaSEK82nL._AC_SX679_.jpg, http://ecom.local/wp-content/uploads/2024/10/Hero_Banner.jpg, http://ecom.local/wp-content/uploads/2024/12/81gaSEK82nL._AC_SX679_.jpg",,,,,,,,,0,"{""Size"":{""name"":""Size"",""type"":""radio"",""terms"":{""L"":{""name"":""L"",""color"":"""",""image"":"""",""show_tooltip"":"""",""tooltip_text"":"""",""tooltip_image"":"""",""image_size"":""""},""M"":{""name"":""M"",""color"":"""",""image"":"""",""show_tooltip"":"""",""tooltip_text"":"""",""tooltip_image"":"""",""image_size"":""""},""S"":{""name"":""S"",""color"":"""",""image"":"""",""show_tooltip"":"""",""tooltip_text"":"""",""tooltip_image"":"""",""image_size"":""""}}}}",Size,"L, M, S",1,1,,,,,,,
522,variation,,"Loveseat Sofa - L",1,0,visible,,,,,none,parent,1,,,0,0,,,,,0,,,,,,,,,,"sofa -1",,,,,,1,,Size,L,,1,,,,,,,
523,variation,,"Loveseat Sofa - M",1,0,visible,,,,,none,parent,1,,,0,0,,,,,0,,,,,,,,,,"sofa -1",,,,,,2,,Size,M,,1,,,,,,,
524,variation,,"Loveseat Sofa - S",1,0,visible,,,,,none,parent,1,,,0,0,,,,,0,,,,,,,,,,"sofa -1",,,,,,3,,Size,S,,1,,,,,,,
525,variation,,"Loveseat Sofa - L",1,0,visible,,,,,none,parent,1,,,0,0,,,,,0,,,,,,,,,,"sofa -1",,,,,,4,,Size,L,,1,,,,,,,
526,variation,,"Loveseat Sofa - M",1,0,visible,,,,,none,parent,1,,,0,0,,,,,0,,,,,,,,,,"sofa -1",,,,,,5,,Size,M,,1,,,,,,,
527,variation,,"Loveseat Sofa - S",1,0,visible,,,,,none,parent,1,,,0,0,,,,,0,,,,,,,,,,"sofa -1",,,,,,6,,Size,S,,1,,,,,,,
528,variation,,"Loveseat Sofa - L",1,0,visible,,,,,none,parent,1,,,0,0,,,,,0,,,,,,,,,,"sofa -1",,,,,,7,,Size,L,,1,,,,,,,
529,variation,,"Loveseat Sofa - M",1,0,visible,,,,,none,parent,1,,,0,0,,,,,0,,,,,,,,,,"sofa -1",,,,,,8,,Size,M,,1,,,,,,,
530,variation,,"Loveseat Sofa - S",1,0,visible,,,,,none,parent,1,,,0,0,,,,,0,,,,,,,,,,"sofa -1",,,,,,9,,Size,S,,1,,,,,,,
531,variation,,"Loveseat Sofa - L",1,0,visible,,,,,none,parent,1,,,0,0,,,,,0,,,,,,,,,,"sofa -1",,,,,,10,,Size,L,,1,,,,,,,
532,variation,,"Loveseat Sofa - M",1,0,visible,,,,,none,parent,1,,,0,0,,,,,0,,,,,,,,,,"sofa -1",,,,,,11,,Size,M,,1,,,,,,,
533,variation,,"Loveseat Sofa - S",1,0,visible,,,,,none,parent,1,,,0,0,,,,,0,,,,,,,,,,"sofa -1",,,,,,12,,Size,S,,1,,,,,,,
540,simple,chair-1,POÄNG,1,0,visible,"<p style=""text-align: left;"">Rocking-chair, birch veneer/Skiftebo <strong>dark</strong></p>","Timeless design and endless comfort have made POÄNG a beloved armchair for over 40 years. As a rocking chair, the bent shape is retained and the comfortable resilience reaches new heights. Enjoy rocking!",,,none,,1,50,,0,0,,50,60,87,1,,80,120,Chair,"Chair, Furniture, Living room",,"http://ecom.local/wp-content/uploads/2024/12/poaeng-rocking-chair-birch-veneer-skiftebo-dark-grey__0937083_pe793558_s5.avif, http://ecom.local/wp-content/uploads/2024/12/poaeng-rocking-chair-birch-veneer-skiftebo-dark-grey__0937083_pe793558_s5.avif",,,,,,,,,0,,,,,,,,,,,,
543,variable,clock-3,"Wall Clock",1,0,visible,"<h3 id=""title"" class=""a-size-large a-spacing-none""><span id=""productTitle"" class=""a-size-large product-title-word-break"">Infinity Instruments Retro Wall Clock - 9 Inch Square Clock - Silent Non-Ticking Mid Century Modern - Kitchen Clock Office Clock Diner Wall Clock - Vintage Wall Clock Decorative - Lilac</span></h3>","<ul class=""a-unordered-list a-vertical a-spacing-mini"">\n 	<li class=""a-spacing-mini""><span class=""a-list-item"">SILENT MOVEMENT: The Retro line of Infinity Instruments wall clocks features a non-ticking, quiet silent quartz sweep movement that means you won't have to deal with annoying ticking ever again!</span></li>\n 	<li class=""a-spacing-mini""><span class=""a-list-item"">RETRO LOOK: The timeless line of Retro Infinity Instruments wall clocks achieves a distinguished and unique retro look. Bring back the charm of 60 years ago with a retro-inspired wall clock for your kitchen, living room, bedroom, or bathroom.</span></li>\n 	<li class=""a-spacing-mini""><span class=""a-list-item"">COLOR SELECTION: Choose from our innovative and iconic retro colors designed to deliver a splash of fun to any room.</span></li>\n 	<li class=""a-spacing-mini""><span class=""a-list-item"">EASY TO READ AND INSTALLATION: Large black bold numbers are easy to read from any angle. The clock comes with hooks to ensure easy installation. Uses 1 AA Battery (Not included)</span></li>\n 	<li class=""a-spacing-mini""><span class=""a-list-item"">MATERIALS: Plastic case, metal hands, and glass lens. Size: 9.25"" H x 9.25"" W x 2.12"" D</span></li>\n</ul>",,,none,,1,30,,0,0,,,,,1,,,,"Clock, Furniture","bedroom, Clocks",Clocks,http://ecom.local/wp-content/uploads/2024/12/tromma-wall-clock-white__0836082_pe778497_s5.avif,,,,,,,,,0,"{""color"":{""name"":""color"",""type"":""color"",""terms"":{""Beige"":{""name"":""Beige"",""color"":""#eaa235"",""image"":"""",""show_tooltip"":"""",""tooltip_text"":"""",""tooltip_image"":"""",""image_size"":""""},""Black"":{""name"":""Black"",""color"":""#000000"",""image"":"""",""show_tooltip"":"""",""tooltip_text"":"""",""tooltip_image"":"""",""image_size"":""""},""Bleu"":{""name"":""Bleu"",""color"":""#136ebf"",""image"":"""",""show_tooltip"":"""",""tooltip_text"":"""",""tooltip_image"":"""",""image_size"":""""}}},""Size"":{""name"":""Size"",""type"":""radio"",""terms"":{""L"":{""name"":""L"",""color"":"""",""image"":"""",""show_tooltip"":"""",""tooltip_text"":"""",""tooltip_image"":"""",""image_size"":""""},""M"":{""name"":""M"",""color"":"""",""image"":"""",""show_tooltip"":"""",""tooltip_text"":"""",""tooltip_image"":"""",""image_size"":""""},""S"":{""name"":""S"",""color"":"""",""image"":"""",""show_tooltip"":"""",""tooltip_text"":"""",""tooltip_image"":"""",""image_size"":""""}}}}",color,"Beige, Black, Bleu",1,1,Size,"L, M, S",1,1,,,
544,variation,,"Wall Clock - Beige, L",1,0,visible,,,,,none,parent,1,,,0,0,,,,,0,,,20,,,,http://ecom.local/wp-content/uploads/2024/12/81zJFQuzEL._AC_SX679_.jpg,,,clock-3,,,,,,1,,color,Beige,,1,Size,L,,1,,,
545,variation,,"Wall Clock - Beige, M",1,0,visible,,,,,none,parent,1,,,0,0,,,,,0,,,,,,,http://ecom.local/wp-content/uploads/2024/12/81zJFQuzEL._AC_SX679_.jpg,,,clock-3,,,,,,2,,color,Beige,,1,Size,M,,1,,,
546,variation,,"Wall Clock - Beige, S",1,0,visible,,,,,none,parent,1,,,0,0,,,,,0,,,,,,,,,,clock-3,,,,,,3,,color,Beige,,1,Size,S,,1,,,
547,variation,,"Wall Clock - Black, L",1,0,visible,,,,,none,parent,1,,,0,0,,,,,0,,,,,,,,,,clock-3,,,,,,4,,color,Black,,1,Size,L,,1,,,
548,variation,,"Wall Clock - Black, M",1,0,visible,,,,,none,parent,1,,,0,0,,,,,0,,,,,,,,,,clock-3,,,,,,5,,color,Black,,1,Size,M,,1,,,
549,variation,,"Wall Clock - Black, S",1,0,visible,,,,,none,parent,1,,,0,0,,,,,0,,,,,,,,,,clock-3,,,,,,6,,color,Black,,1,Size,S,,1,,,
550,variation,,"Wall Clock - Bleu, L",1,0,visible,,,,,none,parent,1,,,0,0,,,,,0,,,,,,,,,,clock-3,,,,,,7,,color,Bleu,,1,Size,L,,1,,,
551,variation,,"Wall Clock - Bleu, M",1,0,visible,,,,,none,parent,1,,,0,0,,,,,0,,,,,,,,,,clock-3,,,,,,8,,color,Bleu,,1,Size,M,,1,,,
552,variation,,"Wall Clock - Bleu, S",1,0,visible,,,,,none,parent,1,,,0,0,,,,,0,,,,,,,,,,clock-3,,,,,,9,,color,Bleu,,1,Size,S,,1,,,
556,simple,"Canapé WARWICK -1","Canapé WARWICK",1,0,visible,"<h4 id=""title"" class=""a-size-large a-spacing-none"">Canapé WARWICK 2 places</h4>","<ul class=""a-unordered-list a-vertical a-spacing-mini"">\n 	<li class=""a-spacing-mini""><strong>Ouvrir l'imagination à un confort sans pareil avec le canapé Warwick 2 places !</strong>Plongez dans un univers de douceur et d'élégance grâce à ce somptueux canapé au design contemporain.Ses lignes raffinées apportent une touche de sophistication à votre intérieur, tout en vous offrant un espace d'accueil chaleureux pour vos moments de détente.Offrez-vous le luxe d'un canapé unique qui sublimera votre décoration intérieure tout en vous enveloppant d'un bien-être incomparable.procurez-vous le canapé Warwick 2 places couleur et transformez votre salon en un véritable havre de douceur !</li>\n</ul>",,,none,,1,20,,0,0,,,,,1,,,400,Canapé,"Canapé, Salon",,http://ecom.local/wp-content/uploads/2024/12/3_3_2.png,,,,,,,,,0,"{""color"":{""name"":""color"",""type"":""color"",""terms"":{""Prune Fonc\u00e9"":{""name"":""Prune Fonc\u00e9"",""color"":""#52363e"",""image"":"""",""show_tooltip"":"""",""tooltip_text"":"""",""tooltip_image"":"""",""image_size"":""""}}},""Size"":{""name"":""Size"",""type"":""radio"",""terms"":{""M"":{""name"":""M"",""color"":"""",""image"":"""",""show_tooltip"":"""",""tooltip_text"":"""",""tooltip_image"":"""",""image_size"":""""}}}}",color,"Prune Foncé",1,1,Size,M,1,1,,,
566,simple,,"AUTO-DRAFT (Copy)",'-1,0,visible,,,,,taxable,,1,,,0,0,,,,,1,,,,Uncategorized,,,,,,,,,,,,0,,,,,,,,,,,,
567,variable,"Canapé MABELLE-2","Canapé MABELLE",1,0,visible,"Canapé 3 Places MABELLE","<strong>Voulez-vous ajouter une touche de glamour à votre salon ?</strong>\n\nAlors, ne cherchez pas plus loin que le canapé 3 places de la gamme MABELLE de KITEA !\n\nAvec sa couleur profonde et son design moderne, ce canapé est un véritable bijou pour votre espace de vie.\n<ul>\n 	<li><strong>Bon à Savoir: </strong></li>\n</ul>\nCet article est disponible en: violet, vert pétrole, camel et bleu foncé.\n\nN'attendez plus et ajoutez une touche de sophistication à votre salon dès maintenant !",,,none,,1,10,,0,0,,,,,1,,,,Canapé,,,"http://ecom.local/wp-content/uploads/2024/12/10081853300-1-1.jpg, http://ecom.local/wp-content/uploads/2024/12/10081853300-1-1.jpg, http://ecom.local/wp-content/uploads/2024/12/10081852368-1-1.jpg, http://ecom.local/wp-content/uploads/2024/12/10081851742-1-1.jpg",,,,,,,,,0,"{""color"":{""name"":""color"",""type"":""color"",""terms"":{""Beige"":{""name"":""Beige"",""color"":""#eaa235"",""image"":"""",""show_tooltip"":"""",""tooltip_text"":"""",""tooltip_image"":"""",""image_size"":""""},""Lavande Clair"":{""name"":""Lavande Clair"",""color"":""#cfa0e9"",""image"":"""",""show_tooltip"":"""",""tooltip_text"":"""",""tooltip_image"":"""",""image_size"":""""},""Vert"":{""name"":""Vert"",""color"":""#6dd622"",""image"":"""",""show_tooltip"":"""",""tooltip_text"":"""",""tooltip_image"":"""",""image_size"":""""}}},""Size"":{""name"":""Size"",""type"":""radio"",""terms"":{""L"":{""name"":""L"",""color"":"""",""image"":"""",""show_tooltip"":"""",""tooltip_text"":"""",""tooltip_image"":"""",""image_size"":""""},""M"":{""name"":""M"",""color"":"""",""image"":"""",""show_tooltip"":"""",""tooltip_text"":"""",""tooltip_image"":"""",""image_size"":""""}}}}",color,"Beige, Lavande Clair, Vert",1,1,Size,"L, M",1,1,,,
568,variation,,"Canapé MABELLE - Beige, L",1,0,visible,,,,,none,parent,1,,,0,0,,,,,0,,,120,,,,http://ecom.local/wp-content/uploads/2024/12/10081852368-1-1.jpg,,,"Canapé MABELLE-2",,,,,,1,,color,Beige,,1,Size,L,,1,,,
569,variation,,"Canapé MABELLE - Beige, M",1,0,visible,,,,,none,parent,1,,,0,0,,,,,0,,,100,,,,http://ecom.local/wp-content/uploads/2024/12/10081852368-1-1.jpg,,,"Canapé MABELLE-2",,,,,,2,,color,Beige,,1,Size,M,,1,,,
570,variation,,"Canapé MABELLE - Lavande Clair, L",1,0,visible,,,,,none,parent,1,,,0,0,,,,,0,,,130,,,,http://ecom.local/wp-content/uploads/2024/12/10081853300-1-1.jpg,,,"Canapé MABELLE-2",,,,,,3,,color,"Lavande Clair",,1,Size,L,,1,,,
571,variation,,"Canapé MABELLE - Lavande Clair, M",1,0,visible,,,,,none,parent,1,,,0,0,,,,,0,,,110,,,,http://ecom.local/wp-content/uploads/2024/12/10081853300-1-1.jpg,,,"Canapé MABELLE-2",,,,,,4,,color,"Lavande Clair",,1,Size,M,,1,,,
572,variation,,"Canapé MABELLE - Vert, L",1,0,visible,,,,,none,parent,1,,,0,0,,,,,0,,,200,,,,http://ecom.local/wp-content/uploads/2024/12/10081851742-1-1.jpg,,,"Canapé MABELLE-2",,,,,,5,,color,Vert,,1,Size,L,,1,,,
573,variation,,"Canapé MABELLE - Vert, M",1,0,visible,,,,,none,parent,1,,,0,0,,,,,0,,,150,,,,http://ecom.local/wp-content/uploads/2024/12/10081851742-1-1.jpg,,,"Canapé MABELLE-2",,,,,,6,,color,Vert,,1,Size,M,,1,,,
582,simple,"CANAPE MODULABLE -1","CANAPE MODULABLE RIVIERA",1,0,visible,"<h4 class=""page-title""><span class=""base"" data-ui-id=""page-title-wrapper"">CANAPE MODULABLE RIVIERA - Moutarde / Camel</span></h4>","<strong>Personnalisez votre confort avec le canapé modulable RIVIERA, la solution parfaite pour un espace de vie adaptable et stylé !</strong>\n\nLe canapé modulable RIVIERA est l'incarnation du confort et de la flexibilité. Conçu pour s'adapter à vos besoins et à votre espace, ce canapé modulable vous permet de configurer les différentes sections selon vos envies.\n\nSon design élégant et contemporain, associé à des matériaux de haute qualité, en fait une pièce maîtresse idéale pour votre salon.\n\nLe tissu doux et résistant offre un confort optimal, tandis que les coussins généreusement rembourrés assurent un soutien agréable pour des moments de détente.\n\nDécouvrez la liberté de créer l'agencement parfait pour votre salon avec le canapé modulable RIVIERA. Alliant design moderne et flexibilité, il est le choix idéal pour un intérieur qui vous ressemble.",,,none,,1,10,,0,0,,,,,1,,229,300,Canapé,,,http://ecom.local/wp-content/uploads/2024/12/10094627425-base11a_1_.png,,,,,,,,,0,"{""color"":{""name"":""color"",""type"":""color"",""terms"":{""marron fonc\u00e9"":{""name"":""marron fonc\u00e9"",""color"":""#dd9116"",""image"":"""",""show_tooltip"":"""",""tooltip_text"":"""",""tooltip_image"":"""",""image_size"":""""}}},""Size"":{""name"":""Size"",""type"":""radio"",""terms"":{""M"":{""name"":""M"",""color"":"""",""image"":"""",""show_tooltip"":"""",""tooltip_text"":"""",""tooltip_image"":"""",""image_size"":""""}}}}",color,"marron foncé",1,1,Size,M,1,1,,,
593,simple,"Canapé d'Angle Gauche -2","Canapé d'Angle Gauche",1,0,visible,"<h4 class=""page-title""><span class=""base"" data-ui-id=""page-title-wrapper"">Canapé d'Angle Gauche NEW EVANS - Beige</span></h4>","<strong>De l'opulence au sein de votre salon !</strong>\n\nLa douceur s’invite jusque dans votre intérieur sur le canapé d’angle gauche EVANS beige.\n\nCe canapé 4 places au design moderne et au coloris majestueux est la promesse d’un espace de vie rassurant sous le signe de la sérénité.\n\nMonté sur des pieds en métal gris clair qui lui apportent une touche chic, et orné de huit petits coussins décoratifs, ce canapé aux finitions travaillées apportera le confort dont vous rêvez à votre quotidien.\n\nMoments cosy garantis !\n\nNe perdez plus un instant, Commandez le dès maintenant !!",,,taxable,,1,6,,0,0,,,,,1,,,900,Canapé,"Canapé d’Angle Gauche, Salon",,http://ecom.local/wp-content/uploads/2024/12/10087880343-3.png,,,,,,,,,0,"{""color"":{""name"":""color"",""type"":""color"",""terms"":{""Beige"":{""name"":""Beige"",""color"":""#eaa235"",""image"":"""",""show_tooltip"":"""",""tooltip_text"":"""",""tooltip_image"":"""",""image_size"":""""}}}}",color,Beige,1,1,,,,,,,
598,simple,"Canapé WARWRICK -4","Canapé WARWRICK",1,0,visible,"<h3 class=""page-title""><span class=""base"" data-ui-id=""page-title-wrapper"">Canapé WARWRICK 2 places - Beige</span></h3>","<strong>Ouvrez la porte à un confort inégalé avec le canapé 2 places Warwick en couleur beige !</strong>\n\nPlongez dans un cocon de douceur et d'élégance grâce à ce somptueux canapé au design épuré.\n\nSa teinte beige apaisante et ses lignes équilibrées créent une atmosphère sereine et accueillante dans votre espace à deux.\n\nLaissez-vous séduire par son revêtement luxueux qui caresse délicatement votre peau, vous invitant à vous lover et à partager des instants privilégiés avec votre proche.\n\nLes pieds en bois massif ajoutent une touche de naturel et de charme, complétant parfaitement l'ensemble.\n\nQue ce soit pour créer un coin cosy à deux, pour savourer des soirées en amoureux ou pour accueillir vos invités avec style, le canapé 2 places Warwick en beige est la combinaison parfaite entre esthétisme et fonctionnalité.\n<div class=""flex-1 overflow-hidden"">\n<div class=""react-scroll-to-bottom--css-rtvtj-79elbk h-full dark:bg-gray-800"">\n<div class=""react-scroll-to-bottom--css-rtvtj-1n7m0yu"">\n<div class=""flex flex-col text-sm dark:bg-gray-800"">\n<div class=""group w-full text-gray-800 dark:text-gray-100 border-b border-black/10 dark:border-gray-900/50 bg-gray-50 dark:bg-[#444654]"">\n<div class=""flex p-4 gap-4 text-base md:gap-6 md:max-w-2xl lg:max-w-[38rem] xl:max-w-3xl md:py-6 lg:px-0 m-auto"">\n<div class=""relative flex w-[calc(100%-50px)] flex-col gap-1 md:gap-3 lg:w-[calc(100%-115px)]"">\n<div class=""flex flex-grow flex-col gap-3"">\n<div class=""min-h-[20px] flex items-start overflow-x-auto whitespace-pre-wrap break-words flex-col gap-4"">\n<div class=""markdown prose w-full break-words dark:prose-invert light"">\n\nN'attendez plus, laissez-vous tenter par cette pièce d'exception et ajoutez une touche de sophistication à votre foyer, créant un espace d'intimité et de confort pour vous et votre complice.\n\n</div>\n</div>\n</div>\n</div>\n</div>\n</div>\n</div>\n</div>\n</div>\n</div>",,,taxable,,1,,,0,0,,,,,1,,799,950,Canapé,"Canapé WARWRICK 2 places - Beige, Salon",,"http://ecom.local/wp-content/uploads/2024/12/10086450343_3_.png, http://ecom.local/wp-content/uploads/2024/12/10086450343_3_.png",,,,,,,,,0,"{""color"":{""name"":""color"",""type"":""color"",""terms"":{""beige clair"":{""name"":""beige clair"",""color"":""#d0c6bd"",""image"":"""",""show_tooltip"":"""",""tooltip_text"":"""",""tooltip_image"":"""",""image_size"":""""}}},""Size"":{""name"":""Size"",""type"":""radio"",""terms"":{""M"":{""name"":""M"",""color"":"""",""image"":"""",""show_tooltip"":"""",""tooltip_text"":"""",""tooltip_image"":"""",""image_size"":""""}}}}",color,"beige clair",1,1,Size,M,1,1,,,
600,simple,"Canapé WARWRICK 2 places - Beige","Canapé RIVER 3 Places",1,0,visible,"<h3 class=""page-title""><span class=""base"" data-ui-id=""page-title-wrapper"">Canapé RIVER 3 Places - Bleu</span></h3>","<strong>Plongez dans le confort avec le Canapé RIVER 3 Places !</strong>\n\nDécouvrez l'ultime expression de détente avec le Canapé RIVER 3 Places.\n\nSa teinte bleue apaisante et ses quatre coussins assortis créent une oasis de relaxation au cœur de votre espace.\n\nTransformez votre intérieur en havre de tranquillité avec le Canapé RIVER 3 Places.\n\nCommandez maintenant pour allier style et confort dans votre espace de vie.",,,taxable,,1,52,,0,0,,,,,1,,499,600,Canapé,"Canapé, Canapé RIVER, Canapé RIVER 3 Places",,"http://ecom.local/wp-content/uploads/2024/12/10085436333-hover333.png, http://ecom.local/wp-content/uploads/2024/12/10085436333-2.png, http://ecom.local/wp-content/uploads/2024/12/10085438333-900.jpg",,,,,,,,,0,"{""color"":{""name"":""color"",""type"":""color"",""terms"":{""Bleu"":{""name"":""Bleu"",""color"":""#136ebf"",""image"":"""",""show_tooltip"":"""",""tooltip_text"":"""",""tooltip_image"":"""",""image_size"":""""}}},""Size"":{""name"":""Size"",""type"":""radio"",""terms"":{""M"":{""name"":""M"",""color"":"""",""image"":"""",""show_tooltip"":"""",""tooltip_text"":"""",""tooltip_image"":"""",""image_size"":""""}}}}",color,Bleu,1,1,Size,M,1,1,,,
605,simple,"Canapé d'angle CLOUD -5","Canapé d'angle CLOUD",1,0,visible,"<h4 class=""page-title""><span class=""base"" data-ui-id=""page-title-wrapper"">Canapé d'angle CLOUD Méridienne Droite - Gris foncé</span></h4>","<strong>Découvrez le canapé d'angle Cloud MRD droite en couleur gris foncé, une oasis de confort et de praticité !</strong>\n\nPlongez dans un univers de détente et de modernité grâce à son design contemporain et ses lignes épurées qui ajoutent une touche de charme à votre espace.\n\nLe canapé d'angle Cloud offre une assise spacieuse et confortable pour toute la famille ou vos invités, créant ainsi un espace de rassemblement chaleureux et convivial.\n\nQue ce soit pour des moments de convivialité en famille, pour partager des instants privilégiés avec vos amis ou tout simplement pour vous relaxer, le canapé d'angle Cloud en gris foncé est le choix idéal pour une expérience de confort sans égal.",,,none,,1,8,,0,0,,,,,1,,,1680,Canapé,"Canapé, Canapé d'angle CLOUD",,"http://ecom.local/wp-content/uploads/2024/12/4_2.png, http://ecom.local/wp-content/uploads/2024/12/10085591420-cloud1.png, http://ecom.local/wp-content/uploads/2024/12/2_5_3.png",,,,,,,,,0,"{""color"":{""name"":""color"",""type"":""color"",""terms"":{""Gris"":{""name"":""Gris"",""color"":""#666666"",""image"":"""",""show_tooltip"":"""",""tooltip_text"":"""",""tooltip_image"":"""",""image_size"":""""}}},""Size"":{""name"":""Size"",""type"":""radio"",""terms"":{""L"":{""name"":""L"",""color"":"""",""image"":"""",""show_tooltip"":"""",""tooltip_text"":"""",""tooltip_image"":"""",""image_size"":""""}}}}",color,Gris,1,1,Size,L,1,1,,,
610,variable,"Canapé d'angle Droit","Canapé d'angle Droit NEW ETERNITY avec fonction lit",1,0,visible,"<h3 class=""page-title""><span class=""base"" data-ui-id=""page-title-wrapper"">Canapé d'angle Droit NEW ETERNITY avec fonction lit + tiroir</span></h3>","<strong>Laissez-vous séduire par l'élégance intemporelle du superbe canapé de la gamme ETERNITY.</strong>\n\nAvec son allure chic et son tissu de qualité, il deviendra la pièce maîtresse qui sublimera votre espace de vie et apportera une touche décorative à votre intérieur.\n\nUn choix parfait pour allier confort et style !",,,none,,1,20,,0,0,,,,,1,,,,Canapé,"Canapé, Canapé d'angle Droit NEW ETERNITY avec fonction, Canapé d'angle Droit NEW ETERNITY avec fonction lit",,"http://ecom.local/wp-content/uploads/2024/12/10100821343-2_1.png, http://ecom.local/wp-content/uploads/2024/12/10100821343-1_1.png, http://ecom.local/wp-content/uploads/2024/12/10100819420-1.png, http://ecom.local/wp-content/uploads/2024/12/10100821343-3.png, http://ecom.local/wp-content/uploads/2024/12/10100821343-4_1.png",,,,,,,,,0,"{""color"":{""name"":""color"",""type"":""color"",""terms"":{""Beige"":{""name"":""Beige"",""color"":""#eaa235"",""image"":"""",""show_tooltip"":"""",""tooltip_text"":"""",""tooltip_image"":"""",""image_size"":""""},""Black"":{""name"":""Black"",""color"":""#000000"",""image"":"""",""show_tooltip"":"""",""tooltip_text"":"""",""tooltip_image"":"""",""image_size"":""""},""Gris"":{""name"":""Gris"",""color"":""#666666"",""image"":"""",""show_tooltip"":"""",""tooltip_text"":"""",""tooltip_image"":"""",""image_size"":""""}}},""Size"":{""name"":""Size"",""type"":""radio"",""terms"":{""L"":{""name"":""L"",""color"":"""",""image"":"""",""show_tooltip"":"""",""tooltip_text"":"""",""tooltip_image"":"""",""image_size"":""""}}}}",color,"Beige, Black, Gris",1,1,Size,L,1,1,,,
611,variation,,"Canapé d'angle Droit NEW ETERNITY avec fonction lit - Black, L",1,0,visible,,,,,none,parent,1,,,0,0,,,,,0,,,1350,,,,http://ecom.local/wp-content/uploads/2024/12/10100819420-1.png,,,"Canapé d'angle Droit",,,,,,2,,color,Black,,1,Size,L,,1,,,
612,variation,,"Canapé d'angle Droit NEW ETERNITY avec fonction lit - Gris, L",1,0,visible,,,,,none,parent,1,,,0,0,,,,,0,,,1500,,,,http://ecom.local/wp-content/uploads/2024/12/10100821343-1_1.png,,,"Canapé d'angle Droit",,,,,,3,,color,Gris,,1,Size,L,,1,,,
617,variation,,"Canapé d'angle Droit NEW ETERNITY avec fonction lit - Beige, L",1,0,visible,,,,,none,parent,1,,,0,0,,,,,0,,,1200,,,,http://ecom.local/wp-content/uploads/2024/12/10100821343-3.png,,,"Canapé d'angle Droit",,,,,,1,,color,Beige,,1,Size,L,,1,,,
621,variable,"Canapé 2 Places MABELLE-7","Canapé 2 Places MABELLE",1,0,visible,"<h4 class=""page-title""><span class=""base"" data-ui-id=""page-title-wrapper"">Canapé 2 Places MABELLE</span></h4>","<strong>Vous cherchez un canapé confortable et élégant pour votre salon ?</strong>\n\nNe cherchez plus ! Le canapé 2 places de la gamme MABELLE de KITEA est la solution idéale pour vous.\n\nAvec sa couleur tendance et sa conception de qualité supérieure, ce canapé est un choix parfait pour n'importe quelle maison moderne.\n\nCe canapé est proposé dans quatre couleurs différentes : bleu, camel, vert pétrole et violet.\n\nAlors ne tardez plus et offrez-vous le canapé 2 places MABELLE de KITEA dès maintenant !",,,taxable,,1,49,,0,0,,,,,1,,,,Canapé,"Canapé 2 Places MABELLE",,"http://ecom.local/wp-content/uploads/2024/12/10081848368-1.jpg, http://ecom.local/wp-content/uploads/2024/12/10081847742-1.jpg, http://ecom.local/wp-content/uploads/2024/12/10081846333-1.jpg, http://ecom.local/wp-content/uploads/2024/12/10081848368-1.jpg, http://ecom.local/wp-content/uploads/2024/12/10081849300-1.jpg",,,,,,,,,0,"{""color"":{""name"":""color"",""type"":""color"",""terms"":{""Bleu"":{""name"":""Bleu"",""color"":""#136ebf"",""image"":"""",""show_tooltip"":"""",""tooltip_text"":"""",""tooltip_image"":"""",""image_size"":""""},""brun rouille"":{""name"":""brun rouille"",""color"":""#88421d"",""image"":"""",""show_tooltip"":"""",""tooltip_text"":"""",""tooltip_image"":"""",""image_size"":""""},""Vert"":{""name"":""Vert"",""color"":""#6dd622"",""image"":"""",""show_tooltip"":"""",""tooltip_text"":"""",""tooltip_image"":"""",""image_size"":""""}}},""Size"":{""name"":""Size"",""type"":""radio"",""terms"":{""M"":{""name"":""M"",""color"":"""",""image"":"""",""show_tooltip"":"""",""tooltip_text"":"""",""tooltip_image"":"""",""image_size"":""""}}}}",color,"Bleu, brun rouille, Vert",1,1,Size,M,1,1,,,
622,variation,,"Canapé 2 Places MABELLE - Bleu, M",1,0,visible,,,,,taxable,parent,1,,,0,0,,,,,0,,,230,,,,http://ecom.local/wp-content/uploads/2024/12/10081846333-1.jpg,,,"Canapé 2 Places MABELLE-7",,,,,,1,,color,Bleu,,1,Size,M,,1,,,
623,variation,,"Canapé 2 Places MABELLE - brun rouille, M",1,0,visible,,,,,taxable,parent,1,,,0,0,,,,,0,,,220,,,,http://ecom.local/wp-content/uploads/2024/12/10081848368-1.jpg,,,"Canapé 2 Places MABELLE-7",,,,,,2,,color,"brun rouille",,1,Size,M,,1,,,
624,variation,,"Canapé 2 Places MABELLE - Vert, M",1,0,visible,,,,,taxable,parent,1,,,0,0,,,,,0,,,400,,,,http://ecom.local/wp-content/uploads/2024/12/10081847742-1.jpg,,,"Canapé 2 Places MABELLE-7",,,,,,3,,color,Vert,,1,Size,M,,1,,,
630,simple,"Salon MOON -8","Salon MOON 3+2+1 Avec Fonction Lit",1,0,visible,"<h3 class=""page-title""><span class=""base"" data-ui-id=""page-title-wrapper"">Salon MOON 3+2+1 Avec Fonction Lit</span></h3>","<strong>Un salon qui reflète votre style !</strong>\n\nLe Salon MOON avec Fonction lit dispose d’un dossier juste à niveau et une mousse parfaitement rembourrée pour vous donner pleine satisfaction et confort.\n\nUltra chic et moderne, ce salon se démarque par son design bien pensé, ses dimensions généreuses et sa petite touche résolument tendance. Vous ne pouvez qu’être satisfaits.\n\n<strong>Ses dimensions:</strong>\n<ul>\n 	<li>3 Places: 222cm x 89cm x 77cm / Fonction lit : 183cm x 106cm.</li>\n 	<li>2 Places: 157cm x 89cm x 77cm / Fonction lit : 131cm x 106cm.</li>\n 	<li>1 Place: 79cm x 90cm x 99cm.</li>\n</ul>\nLe salon est la pièce où toute la famille aime se relaxer. Le confort doit être le premier critère pour bien composer et organiser son espace.\n\nOffrez vous ce prodigieux salon !",,,taxable,,1,,,0,0,,,,,1,,,200,Canapé,"Salon MOON 3+2+1 Avec Fonction Lit",,"http://ecom.local/wp-content/uploads/2024/12/sans_titre_83__1.jpg, http://ecom.local/wp-content/uploads/2024/12/sans_titre_86__1.jpg, http://ecom.local/wp-content/uploads/2024/12/sans_titre_85__1.jpg",,,,,,,,,0,"{""color"":{""name"":""color"",""type"":""color"",""terms"":{""beige clair"":{""name"":""beige clair"",""color"":""#d0c6bd"",""image"":"""",""show_tooltip"":"""",""tooltip_text"":"""",""tooltip_image"":"""",""image_size"":""""},""Bleu"":{""name"":""Bleu"",""color"":""#136ebf"",""image"":"""",""show_tooltip"":"""",""tooltip_text"":"""",""tooltip_image"":"""",""image_size"":""""}}},""Size"":{""name"":""Size"",""type"":""radio"",""terms"":{""M"":{""name"":""M"",""color"":"""",""image"":"""",""show_tooltip"":"""",""tooltip_text"":"""",""tooltip_image"":"""",""image_size"":""""},""S"":{""name"":""S"",""color"":"""",""image"":"""",""show_tooltip"":"""",""tooltip_text"":"""",""tooltip_image"":"""",""image_size"":""""}}}}",color,"beige clair, Bleu",1,1,Size,"M, S",1,1,,,
639,simple,vase-1,Vase,1,0,visible,"La série KONSTFULL conçue par Ilse Crawford met en valeur la beauté des fleurs, chaque jour. En verre soufflé à la bouche, avec des formes épurées et des matériaux au toucher agréable pour s'adapter à tous les décors.","<p class=""pip-product-details__paragraph"">Ces vases ont été imaginés par Ilse Crawford pour être jolie lorsqu'ils sont exposés seuls et pour que leur forme sublime les fleurs à l'intérieur.</p>\n<p class=""pip-product-details__paragraph"">À associer à d'autres vases de la série KONSTFULL pour créer un style coordonné dans votre intérieur.</p>\n<p class=""pip-product-details__paragraph"">Chaque vase est unique, car il est soufflé à la bouche.</p>\n<p class=""pip-product-details__paragraph"">Ce vase en verre transparent marron à un aspect chaleureux, calme et discret. Il est parfait pour accueillir un joli bouquet ou des roses.</p>\n<p class=""pip-product-details__paragraph"">Les anneaux au fond du vase permettent d'orienter les tiges dans le sens que vous le souhaitez et ainsi de créer un espace entre chaque fleur.</p>\n<p class=""pip-product-details__paragraph"">L'ouverture large permet de nettoyer le vase à la main en toute simplicité.</p>",,,taxable,,1,60,,0,0,,,,,1,,8,10,Furniture,"decoration, vase",,"http://ecom.local/wp-content/uploads/2024/12/konstfull-vase-vert-brun__1030421_pe836276_s5.avif, http://ecom.local/wp-content/uploads/2024/12/konstfull-vase-vert-brun__1030420_pe836274_s5.avif, http://ecom.local/wp-content/uploads/2024/12/konstfull-vase-vert-brun__1079613_pe857625_s5.avif",,,,,,,,,0,"{""color"":{""name"":""color"",""type"":""color"",""terms"":{""brun rouille"":{""name"":""brun rouille"",""color"":""#88421d"",""image"":"""",""show_tooltip"":"""",""tooltip_text"":"""",""tooltip_image"":"""",""image_size"":""""}}},""Size"":{""name"":""Size"",""type"":""radio"",""terms"":{""M"":{""name"":""M"",""color"":"""",""image"":"""",""show_tooltip"":"""",""tooltip_text"":"""",""tooltip_image"":"""",""image_size"":""""}}}}",color,"brun rouille",1,1,Size,M,1,1,,,
644,simple,,"Vase, à motifs/brun",1,0,visible,"<span class=""pip-header-section__description-text"">Vase, à motifs/brun, 26cm </span>","<span class=""pip-header-section__description-text"">Vase, à motifs/brun, 26cm </span>",,,taxable,,1,,,0,0,,,,,1,,,,Furniture,vase,,"http://ecom.local/wp-content/uploads/2024/12/konstfull-vase-a-motifs-brun__1110124_pe870373_s5.avif, http://ecom.local/wp-content/uploads/2024/12/konstfull-vase-a-motifs-brun__1155490_pe886641_s5.jpg, http://ecom.local/wp-content/uploads/2024/12/konstfull-vase-a-motifs-brun__1110125_pe870372_s5.avif",,,,,,,,,0,,,,,,,,,,,,
652,simple,vase-3,"Vase Col Étroit",1,0,visible,"<h3 class=""page-title""><span class=""base"" data-ui-id=""page-title-wrapper"">Vase Col Étroit 9x9x7,5cm - Crème</span></h3>","<strong>L'élégance intemporelle pour vos arrangements</strong>\n\nCe vase en porcelaine se distingue par ses lignes épurées et son allure raffinée, parfait pour mettre en valeur vos compositions florales tout en rehaussant votre décor.\n\nUn incontournable pour une touche de délicatesse dans votre espace.\n\nProfitez-en pour sublimer votre quotidien",,,taxable,,1,30,,0,0,,,,,1,,,20,Furniture,"decoration, vase",,"http://ecom.local/wp-content/uploads/2024/12/10101156285-1.png, http://ecom.local/wp-content/uploads/2024/12/10101156285-3.png",,,,,,,,,0,"{""color"":{""name"":""color"",""type"":""color"",""terms"":{""beige clair"":{""name"":""beige clair"",""color"":""#d0c6bd"",""image"":"""",""show_tooltip"":"""",""tooltip_text"":"""",""tooltip_image"":"""",""image_size"":""""}}},""Size"":{""name"":""Size"",""type"":""radio"",""terms"":{""M"":{""name"":""M"",""color"":"""",""image"":"""",""show_tooltip"":"""",""tooltip_text"":"""",""tooltip_image"":"""",""image_size"":""""}}}}",color,"beige clair",1,1,Size,M,1,1,,,
654,simple,,"VASE ARTY POESIE FORMELLE",1,0,visible,"<h3 class=""page-title""><span class=""base"" data-ui-id=""page-title-wrapper"">VASE ARTY POESIE FORMELLE - Blanc</span></h3>","<strong>Sublimez votre décoration avec le vase POÉSIE FORMELLE, l'élégance à l'état pur ! </strong>\n\nLe vase POÉSIE FORMELLE en blanc avec des motifs colorés est une pièce décorative raffinée qui apporte une touche d'élégance intemporelle à votre intérieur.\n\nSa forme délicate et épurée en fait un choix idéal pour sublimer vos compositions florales ou pour être exposé seul comme un objet d'art.\n\nLe blanc éclatant du vase s'harmonise avec tous les styles de décoration, ajoutant une note de pureté et de sophistication à votre espace de vie.\n\nApportez une touche artistique et sophistiquée à votre intérieur avec le vase POÉSIE FORMELLE. Un choix parfait pour les amateurs de design raffiné et intemporel.",,,taxable,,1,,,0,0,,,,,1,,,50,"Furniture, Les Vases",vase,,"http://ecom.local/wp-content/uploads/2024/12/10098974214-1.png, http://ecom.local/wp-content/uploads/2024/12/10098974214-hover998.png, http://ecom.local/wp-content/uploads/2024/12/10098974214-3.png, http://ecom.local/wp-content/uploads/2024/12/10098974214-2.png",,,,,,,,,0,"{""color"":{""name"":""color"",""type"":""color"",""terms"":{""beige clair"":{""name"":""beige clair"",""color"":""#d0c6bd"",""image"":"""",""show_tooltip"":"""",""tooltip_text"":"""",""tooltip_image"":"""",""image_size"":""""}}},""Size"":{""name"":""Size"",""type"":""radio"",""terms"":{""M"":{""name"":""M"",""color"":"""",""image"":"""",""show_tooltip"":"""",""tooltip_text"":"""",""tooltip_image"":"""",""image_size"":""""}}}}",color,"beige clair",1,1,Size,M,1,1,,,
662,simple,vase-303,Vase,1,0,visible,"<h3 class=""page-title""><span class=""base"" data-ui-id=""page-title-wrapper"">Vase 17x17x24cm - Noir</span></h3>","<strong>Ajoutez une touche de sophistication et de modernité à votre intérieur avec le vase en Noir !</strong>\n\nCe vase en verre est un choix élégant pour présenter vos fleurs préférées ou pour embellir votre espace de vie. Sa finition lisse et son design épuré s'harmonisent parfaitement avec divers styles de décoration.\n\nIdéal pour les arrangements floraux ou comme pièce décorative autonome, ce vase en verre apporte une note contemporaine et chic à votre maison.\n\nCommandez dès maintenant pour enrichir votre décoration avec ce magnifique vase en verre.",,,taxable,,1,31,,0,0,,,,,1,,,50,"Furniture, Les Vases","vase, vase noir",,"http://ecom.local/wp-content/uploads/2024/12/10097775234-78.jpg, http://ecom.local/wp-content/uploads/2024/12/10097775234-773.png, http://ecom.local/wp-content/uploads/2024/12/32766e.jpg",,,,,,,,,0,"{""color"":{""name"":""color"",""type"":""color"",""terms"":{""Black"":{""name"":""Black"",""color"":""#000000"",""image"":"""",""show_tooltip"":"""",""tooltip_text"":"""",""tooltip_image"":"""",""image_size"":""""}}},""Size"":{""name"":""Size"",""type"":""radio"",""terms"":{""M"":{""name"":""M"",""color"":"""",""image"":"""",""show_tooltip"":"""",""tooltip_text"":"""",""tooltip_image"":"""",""image_size"":""""}}}}",color,Black,1,1,Size,M,1,1,,,
667,simple,"Vase Décoratif-9","Vase Décoratif HUIFA",1,0,visible,"<h3 class=""page-title""><span class=""base"" data-ui-id=""page-title-wrapper"">Vase Décoratif HUIFA - Argent / Blanc</span></h3>","<strong>Ajoutez une touche de modernité et d'élégance à votre intérieur avec le Vase Décoratif HUIFA en acier !</strong>\n\nCe vase en acier, au design épuré et contemporain, est parfait pour sublimer vos fleurs et rehausser votre décoration.\n\nSa finition métallisée apporte une touche sophistiquée à n'importe quel espace, que ce soit votre salon, votre bureau ou votre chambre.\n\nCommandez dès maintenant pour ajouter une note d'élégance durable et raffinée à votre décoration.",,,taxable,,1,50,,0,0,,,,,1,,,90,"Furniture, Les Vases","Vase Décoratif HUIFA - Argent / Blanc",,"http://ecom.local/wp-content/uploads/2024/12/tonic_02_0003_hs222131w_s.jpg, http://ecom.local/wp-content/uploads/2024/12/hs222131w_s_le_bas.jpg, http://ecom.local/wp-content/uploads/2024/12/hs222131w_s_le_haut.jpg",,,,,,,,,0,"{""color"":{""name"":""color"",""type"":""color"",""terms"":{""Black"":{""name"":""Black"",""color"":""#000000"",""image"":"""",""show_tooltip"":"""",""tooltip_text"":"""",""tooltip_image"":"""",""image_size"":""""}}},""Size"":{""name"":""Size"",""type"":""radio"",""terms"":{""M"":{""name"":""M"",""color"":"""",""image"":"""",""show_tooltip"":"""",""tooltip_text"":"""",""tooltip_image"":"""",""image_size"":""""}}}}",color,Black,1,1,Size,M,1,1,,,
674,simple,"Vase -5","Vase 24x24x23cm - Noir",1,0,visible,"<h3 class=""page-title""><span class=""base"" data-ui-id=""page-title-wrapper"">Vase 24x24x23cm - Noir</span></h3>","<strong>Ajoutez une touche de sophistication et de modernité à votre intérieur avec le vase en Noir !</strong>\n\nCe vase en verre est un choix élégant pour présenter vos fleurs préférées ou pour embellir votre espace de vie. Sa finition lisse et son design épuré s'harmonisent parfaitement avec divers styles de décoration.\n\nIdéal pour les arrangements floraux ou comme pièce décorative autonome, ce vase en verre apporte une note contemporaine et chic à votre maison.\n\nCommandez dès maintenant pour enrichir votre décoration avec ce magnifique vase en verre.",,,taxable,,1,90,,0,0,,,,,1,,55,63,"Furniture, Les Vases","vase, vase noir",,"http://ecom.local/wp-content/uploads/2024/12/10097777234-7.png, http://ecom.local/wp-content/uploads/2024/12/32767_prise_de_zoom_.jpg, http://ecom.local/wp-content/uploads/2024/12/10097777234-h2.png",,,,,,,,,0,"{""color"":{""name"":""color"",""type"":""color"",""terms"":{""Black"":{""name"":""Black"",""color"":""#000000"",""image"":"""",""show_tooltip"":"""",""tooltip_text"":"""",""tooltip_image"":"""",""image_size"":""""}}},""Size"":{""name"":""Size"",""type"":""radio"",""terms"":{""M"":{""name"":""M"",""color"":"""",""image"":"""",""show_tooltip"":"""",""tooltip_text"":"""",""tooltip_image"":"""",""image_size"":""""}}}}",color,Black,1,1,Size,M,1,1,,,
678,simple,"VASE ARTY -7","VASE ARTY",1,0,visible,"<h3 class=""page-title""><span class=""base"" data-ui-id=""page-title-wrapper"">VASE ARTY AVec ANSE décorative - TERRACOTTA</span></h3>",,,,taxable,,1,50,,0,0,,,,,1,,55,60,"Furniture, Les Vases","pêche terreuse vase, vase",,"http://ecom.local/wp-content/uploads/2024/12/10098977160-1.png, http://ecom.local/wp-content/uploads/2024/12/10098977160-vase800.png, http://ecom.local/wp-content/uploads/2024/12/10098977160-4.png, http://ecom.local/wp-content/uploads/2024/12/10098977160-5.png",,,,,,,,,0,"{""color"":{""name"":""color"",""type"":""color"",""terms"":{""p\u00eache terreuse"":{""name"":""p\u00eache terreuse"",""color"":""#d29072"",""image"":"""",""show_tooltip"":"""",""tooltip_text"":"""",""tooltip_image"":"""",""image_size"":""""}}},""Size"":{""name"":""Size"",""type"":""radio"",""terms"":{""S"":{""name"":""S"",""color"":"""",""image"":"""",""show_tooltip"":"""",""tooltip_text"":"""",""tooltip_image"":"""",""image_size"":""""}}}}",color,"pêche terreuse",1,1,Size,S,1,1,,,
684,simple,"Vase Décoratif HUIFAA.","Vase Décoratif HUIFA",1,0,visible,"<h3 class=""page-title""><span class=""base"" data-ui-id=""page-title-wrapper"">Vase Décoratif HUIFA 13,5x13,5x39cm- Doré</span></h3>","<strong>Ajoutez une touche de modernité et d'élégance à votre intérieur avec le Vase Décoratif HUIFA en acier !</strong>\n\nCe vase en acier, au design épuré et contemporain, est parfait pour sublimer vos fleurs et rehausser votre décoration.\n\nSa finition métallisée apporte une touche sophistiquée à n'importe quel espace, que ce soit votre salon, votre bureau ou votre chambre.\n\nCommandez dès maintenant pour ajouter une note d'élégance durable et raffinée à votre décoration.",,,taxable,,1,300,,0,0,,,,,1,,,30,"Furniture, Les Vases","vase, Vase Décoratif HUIFA",,"http://ecom.local/wp-content/uploads/2024/12/hs220082yh_cp_.jpg, http://ecom.local/wp-content/uploads/2024/12/10094024317-10.png, http://ecom.local/wp-content/uploads/2024/12/10094024317-11.png",,,,,,,,,0,"{""color"":{""name"":""color"",""type"":""color"",""terms"":{""Gris"":{""name"":""Gris"",""color"":""#666666"",""image"":"""",""show_tooltip"":"""",""tooltip_text"":"""",""tooltip_image"":"""",""image_size"":""""}}},""Size"":{""name"":""Size"",""type"":""radio"",""terms"":{""S"":{""name"":""S"",""color"":"""",""image"":"""",""show_tooltip"":"""",""tooltip_text"":"""",""tooltip_image"":"""",""image_size"":""""}}}}",color,Gris,1,1,Size,S,1,1,,,
689,simple,,GRADVIS,1,0,visible,"<span class=""pip-header-section__description-text"">Vase, rose, 21cm\n</span>\n<p class=""pip-product-summary__description"">Couleurs pastel, formes arrondies et jolies rainures, le vase GRADVIS apporte une touche de douceur à la pièce. Mettez-y vos fleurs préférées ou posez-le simplement quelque part pour décorer.</p>\n\n<div class=""pip-product-summary__product-info-container""></div>\n<span class=""pip-header-section__description-text""> </span>","<p class=""pip-product-summary__description"">Couleurs pastel, formes arrondies et jolies rainures, le vase GRADVIS apporte une touche de douceur à la pièce. Mettez-y vos fleurs préférées ou posez-le simplement quelque part pour décorer.</p>\n\n<div class=""pip-product-summary__product-info-container""></div>",,,taxable,,1,60,,0,0,,,,,1,,,55,"Furniture, Les Vases","rose, vase, vase en Rose",,"http://ecom.local/wp-content/uploads/2024/12/gradvis-vase-rose__0524970_pe644685_s5.avif, http://ecom.local/wp-content/uploads/2024/12/gradvis-vase-rose__0701736_ph152713_s5.avif, http://ecom.local/wp-content/uploads/2024/12/gradvis-vase-rose__1139954_pe880596_s5.avif",,,,,,,,,0,"{""color"":{""name"":""color"",""type"":""color"",""terms"":{""Rose"":{""name"":""Rose"",""color"":""#e5becc"",""image"":"""",""show_tooltip"":"""",""tooltip_text"":"""",""tooltip_image"":"""",""image_size"":""""}}},""Size"":{""name"":""Size"",""type"":""radio"",""terms"":{""M"":{""name"":""M"",""color"":"""",""image"":"""",""show_tooltip"":"""",""tooltip_text"":"""",""tooltip_image"":"""",""image_size"":""""}}}}",color,Rose,1,1,Size,M,1,1,,,
694,simple,"le vase RÄFFELBJÖRK -9","VASE RÄFFELBJÖRK",1,0,visible,"<span class=""pip-header-section__description-text"">Vase, nacré</span>","Conçu par Lisa Hilland, le vase RÄFFELBJÖRK s'inspire de l'arc-en-ciel avec son amusante forme courbe et son aspect irisé. Mettez-y vos fleurs préférées ou utilisez-le en déco comme une magnifique sculpture en verre.",,,taxable,,1,20,,0,0,,,,,1,,,50,"Furniture, Les Vases","le vase RÄFFELBJÖRK, vase",,"http://ecom.local/wp-content/uploads/2024/12/raeffelbjoerk-vase-nacre__1115542_pe872277_s5.avif, http://ecom.local/wp-content/uploads/2024/12/raeffelbjoerk-vase-nacre__1168218_pe891829_s5.avif, http://ecom.local/wp-content/uploads/2024/12/raeffelbjoerk-vase-nacre__1115815_pe872280_s5.avif",,,,,,,,,0,"{""color"":{""name"":""color"",""type"":""color"",""terms"":{""Bleu"":{""name"":""Bleu"",""color"":""#136ebf"",""image"":"""",""show_tooltip"":"""",""tooltip_text"":"""",""tooltip_image"":"""",""image_size"":""""}}},""Size"":{""name"":""Size"",""type"":""radio"",""terms"":{""M"":{""name"":""M"",""color"":"""",""image"":"""",""show_tooltip"":"""",""tooltip_text"":"""",""tooltip_image"":"""",""image_size"":""""}}}}",color,Bleu,1,1,Size,M,1,1,,,
699,simple,20,KONSTFULL,1,0,visible,"La série KONSTFULL conçue par Ilse Crawford met en valeur la beauté des fleurs, chaque jour. En verre soufflé à la bouche, avec des formes épurées et des matériaux au toucher agréable pour s'adapter à tous les décors.","La série KONSTFULL conçue par Ilse Crawford met en valeur la beauté des fleurs, chaque jour. En verre soufflé à la bouche, avec des formes épurées et des matériaux au toucher agréable pour s'adapter à tous les décors.",,,taxable,,1,50,,0,0,,,,,1,,,20,"Furniture, Les Vases","vase en vert",,"http://ecom.local/wp-content/uploads/2024/12/konstfull-vase-vert__1030424_pe836277_s5.webp, http://ecom.local/wp-content/uploads/2024/12/konstfull-vase-vert__1079610_pe857624_s5.avif, http://ecom.local/wp-content/uploads/2024/12/konstfull-vase-vert__1030426_pe836278_s5.jpg",,,,,,,,,0,"{""color"":{""name"":""color"",""type"":""color"",""terms"":{""Vert"":{""name"":""Vert"",""color"":""#6dd622"",""image"":"""",""show_tooltip"":"""",""tooltip_text"":"""",""tooltip_image"":"""",""image_size"":""""}}},""Size"":{""name"":""Size"",""type"":""radio"",""terms"":{""L"":{""name"":""L"",""color"":"""",""image"":"""",""show_tooltip"":"""",""tooltip_text"":"""",""tooltip_image"":"""",""image_size"":""""}}}}",color,Vert,1,1,Size,L,1,1,,,
704,variable,"Vase, noir-222",vas-SKOGSTUNDRA,1,0,visible,"Vase, noir\nLa designer freelance Ehlén Johansson a joué un rôle important dans notre histoire. Pour la collection Nytillverkad, ses vases OPTIMUM lancés en 1995 sont désormais disponibles dans de nouveaux coloris et sous le nom de SKOGSTUNDRA.","La designer freelance Ehlén Johansson a joué un rôle important dans notre histoire. Pour la collection Nytillverkad, ses vases OPTIMUM lancés en 1995 sont désormais disponibles dans de nouveaux coloris et sous le nom de SKOGSTUNDRA.",,,taxable,,1,30,,0,0,,,,,1,,,,"Furniture, Les Vases","vase, vase noir",,"http://ecom.local/wp-content/uploads/2024/12/skogstundra-vase-blanc__1205987_pe907327_s5.jpg, http://ecom.local/wp-content/uploads/2024/12/skogstundra-vase-noir__1205908_pe907281_s5.avif, http://ecom.local/wp-content/uploads/2024/12/skogstundra-vase-blanc__1305590_ph197193_s5.jpg, http://ecom.local/wp-content/uploads/2024/12/skogstundra-vase-blanc__1305646_ph197189_s5.jpg, http://ecom.local/wp-content/uploads/2024/12/skogstundra-vase-noir__1272580_ph195673_s5.avif",,,,,,,,,0,"{""color"":{""name"":""color"",""type"":""color"",""terms"":{""Black"":{""name"":""Black"",""color"":""#000000"",""image"":"""",""show_tooltip"":"""",""tooltip_text"":"""",""tooltip_image"":"""",""image_size"":""""},""blanc"":{""name"":""blanc"",""color"":""#ffffff"",""image"":"""",""show_tooltip"":"""",""tooltip_text"":"""",""tooltip_image"":"""",""image_size"":""""}}},""Size"":{""name"":""Size"",""type"":""radio"",""terms"":{""M"":{""name"":""M"",""color"":"""",""image"":"""",""show_tooltip"":"""",""tooltip_text"":"""",""tooltip_image"":"""",""image_size"":""""}}}}",color,"Black, blanc",1,1,Size,M,1,1,,,
705,variation,,"vas-SKOGSTUNDRA - Black, M",1,0,visible,,,,,taxable,parent,1,,,0,0,,,,,0,,,22,,,,http://ecom.local/wp-content/uploads/2024/12/skogstundra-vase-noir__1205908_pe907281_s5.avif,,,"Vase, noir-222",,,,,,1,,color,Black,,1,Size,M,,1,,,
706,variation,,"vas-SKOGSTUNDRA - blanc, M",1,0,visible,,,,,taxable,parent,1,,,0,0,,,,,0,,,25,,,,http://ecom.local/wp-content/uploads/2024/12/skogstundra-vase-blanc__1205987_pe907327_s5.jpg,,,"Vase, noir-222",,,,,,2,,color,blanc,,1,Size,M,,1,,,
714,simple,"Buffet LEWISVILLE -9","Buffet LEWISVILLE",1,0,visible,"<h3 class=""page-title""><span class=""base"" data-ui-id=""page-title-wrapper"">Buffet LEWISVILLE - Beige / Crème</span></h3>","<strong>Ajoutez une touche d'élégance à votre espace de repas avec le Buffet LEWISVILLE en beige.</strong>\n\nLe Buffet est un meuble de rangement et de présentation idéal pour votre salle à manger ou votre espace de vie.\n\nSon design raffiné et sa teinte marron chaleureuse en font un complément parfait pour votre décoration intérieure.\n\nQue vous l'utilisiez pour les repas en famille ou pour exposer vos articles de décoration préférés, ce buffet ajoute une touche de charme à chaque instant.\n\nSon mélange de fonctionnalité et d'esthétique en fait un choix remarquable pour ceux qui recherchent un meuble polyvalent et élégant.\n\nCommandez-le dès maintenant et découvrez comment il peut transformer votre espace en un lieu accueillant et chic.",,,taxable,,1,20,,0,0,,,,,1,,,300,Sejour,"Buffet LEWISVILLE, sejour",,"http://ecom.local/wp-content/uploads/2024/12/10092407217-1.png, http://ecom.local/wp-content/uploads/2024/12/10092407217-4.png, http://ecom.local/wp-content/uploads/2024/12/10092407217-3.png",,,,,,,,,0,"{""color"":{""name"":""color"",""type"":""color"",""terms"":{""blanc"":{""name"":""blanc"",""color"":""#ffffff"",""image"":"""",""show_tooltip"":"""",""tooltip_text"":"""",""tooltip_image"":"""",""image_size"":""""}}},""Size"":{""name"":""Size"",""type"":""radio"",""terms"":{""M"":{""name"":""M"",""color"":"""",""image"":"""",""show_tooltip"":"""",""tooltip_text"":"""",""tooltip_image"":"""",""image_size"":""""}}}}",color,blanc,1,1,Size,M,1,1,,,
720,variable,"Buffet LEWISVILLE-4","Buffet LEWISVILLE",1,0,visible,"<h3 class=""page-title""><span class=""base"" data-ui-id=""page-title-wrapper"">Buffet LEWISVILLE 180cm - Beige / Crème</span></h3>","<strong>Ajoutez une touche d'élégance à votre espace de repas avec le Buffet LEWISVILLE 180 cm en beige.</strong>\n\nLe Buffet est un meuble de rangement et de présentation idéal pour votre salle à manger ou votre espace de vie.\n\nSon design raffiné et sa teinte marron chaleureuse en font un complément parfait pour votre décoration intérieure.\n\nQue vous l'utilisiez pour les repas en famille ou pour exposer vos articles de décoration préférés, ce buffet ajoute une touche de charme à chaque instant.\n\nSon mélange de fonctionnalité et d'esthétique en fait un choix remarquable pour ceux qui recherchent un meuble polyvalent et élégant.\n\nCommandez-le dès maintenant et découvrez comment il peut transformer votre espace en un lieu accueillant et chic.",,,taxable,,1,30,,0,0,,,,,1,,,,Sejour,sejour,,"http://ecom.local/wp-content/uploads/2024/12/10092406217-9.png, http://ecom.local/wp-content/uploads/2024/12/10092406217-10.png, http://ecom.local/wp-content/uploads/2024/12/10092406217-9.png",,,,,,,,,0,"{""color"":{""name"":""color"",""type"":""color"",""terms"":{""Black"":{""name"":""Black"",""color"":""#000000"",""image"":"""",""show_tooltip"":"""",""tooltip_text"":"""",""tooltip_image"":"""",""image_size"":""""},""blanc"":{""name"":""blanc"",""color"":""#ffffff"",""image"":"""",""show_tooltip"":"""",""tooltip_text"":"""",""tooltip_image"":"""",""image_size"":""""}}},""Size"":{""name"":""Size"",""type"":""radio"",""terms"":{""M"":{""name"":""M"",""color"":"""",""image"":"""",""show_tooltip"":"""",""tooltip_text"":"""",""tooltip_image"":"""",""image_size"":""""}}}}",color,"Black, blanc",1,1,Size,M,1,1,,,
721,variation,,"Buffet LEWISVILLE - Black, M",1,0,visible,,,,,taxable,parent,1,,,0,0,,,,,0,,,350,,,,http://ecom.local/wp-content/uploads/2024/12/10092407217-2-1.png,,,"Buffet LEWISVILLE-4",,,,,,1,,color,Black,,1,Size,M,,1,,,
722,variation,,"Buffet LEWISVILLE - blanc, M",1,0,visible,,,,,taxable,parent,1,,,0,0,,,,,0,,,330,,,,http://ecom.local/wp-content/uploads/2024/12/10092407217-2-1.png,,,"Buffet LEWISVILLE-4",,,,,,2,,color,blanc,,1,Size,M,,1,,,
729,variable,"Etagère Murale","Etagère Murale 3 Niveaux LEWISVILLE",1,0,visible,"<h3 class=""page-title""><span class=""base"" data-ui-id=""page-title-wrapper"">Etagère Murale 3 Niveaux LEWISVILLE - Beige</span></h3>","<strong>Raffinée et polyvalente, notre étagère 3 niveaux LEWISVILLE en beige est l'ajout parfait pour une organisation stylée dans votre espace !</strong>\n\nL'étagère LEWISVILLE offre une solution de rangement élégante avec ses trois niveaux spacieux.\n\nSa teinte beige apporte une touche de douceur et de sophistication à n'importe quelle pièce.\n\nLes étagères offrent amplement d'espace pour exposer vos objets préférés tout en gardant votre espace ordonné.\n\nFabriquée avec précision, cette étagère est non seulement fonctionnelle mais constitue également un élément de design intemporel pour compléter votre décor.\n<ul>\n 	<li><strong>Bon à savoir :</strong> la livraison avec montage de cet article n’inclut aucune prestation d’installation murale.</li>\n</ul>\nAjoutez une note de style et d'organisation à votre espace avec l'étagère LEWISVILLE.",,,taxable,,1,20,,0,0,,,,,1,,,,Sejour,,,"http://ecom.local/wp-content/uploads/2024/12/10092411217-101.png, http://ecom.local/wp-content/uploads/2024/12/10092411217-104.png",,,,,,,,,0,"{""color"":{""name"":""color"",""type"":""color"",""terms"":{""marron fonc\u00e9"":{""name"":""marron fonc\u00e9"",""color"":""#dd9116"",""image"":"""",""show_tooltip"":"""",""tooltip_text"":"""",""tooltip_image"":"""",""image_size"":""""}}},""Size"":{""name"":""Size"",""type"":""radio"",""terms"":{""M"":{""name"":""M"",""color"":"""",""image"":"""",""show_tooltip"":"""",""tooltip_text"":"""",""tooltip_image"":"""",""image_size"":""""}}}}",color,"marron foncé",1,1,Size,M,1,1,,,
732,variation,,"Etagère Murale 3 Niveaux LEWISVILLE - marron foncé, M",1,0,visible,,,,,taxable,parent,1,,,0,0,,,,,0,,,200,,,,http://ecom.local/wp-content/uploads/2024/12/10092411217-101.png,,,"Etagère Murale",,,,,,1,,color,"marron foncé",,1,Size,M,,1,,,
736,variable,"Meuble TV LEWISVILLE","Meuble TV LEWISVILLE",1,0,visible,"<h3 class=""page-title""><span class=""base"" data-ui-id=""page-title-wrapper"">Meuble TV LEWISVILLE - Beige</span></h3>","<strong>Sublimez votre espace de détente avec notre Meuble TV LEWISVILLE !</strong>\n\nLe Meuble TV LEWISVILLE en beige est une déclaration de style et de praticité. Sa teinte apaisante ajoute une note de chaleur à votre espace, tandis que son design épuré s'intègre parfaitement à divers décors.\n\nAvec des étagères bien agencées et un espace de rangement fermé, ce meuble TV offre une solution organisée pour vos appareils électroniques, médias, et autres accessoires.\n\nLa qualité de fabrication assure une durabilité exceptionnelle, faisant de ce meuble un ajout élégant et fonctionnel à votre salon.\n\nOptez pour l'élégance et la praticité avec le Meuble TV LEWISVILLE.",,,taxable,,1,30,,0,0,,,,,1,,,,Sejour,Meuble,,"http://ecom.local/wp-content/uploads/2024/12/10092409217-2.png, http://ecom.local/wp-content/uploads/2024/12/10092409217-2.png, http://ecom.local/wp-content/uploads/2024/12/10092411217-104_1.png",,,,,,,,,0,"{""color"":{""name"":""color"",""type"":""color"",""terms"":{""blanc"":{""name"":""blanc"",""color"":""#ffffff"",""image"":"""",""show_tooltip"":"""",""tooltip_text"":"""",""tooltip_image"":"""",""image_size"":""""}}},""Size"":{""name"":""Size"",""type"":""radio"",""terms"":{""L"":{""name"":""L"",""color"":"""",""image"":"""",""show_tooltip"":"""",""tooltip_text"":"""",""tooltip_image"":"""",""image_size"":""""}}}}",color,blanc,1,1,Size,L,1,1,,,
739,variation,,"Meuble TV LEWISVILLE - blanc, L",1,0,visible,,,,,taxable,parent,1,,,0,0,,,,,0,,,220,,,,http://ecom.local/wp-content/uploads/2024/12/10092409217-2.png,,,"Meuble TV LEWISVILLE",,,,,,1,,color,blanc,,1,Size,L,,1,,,
741,variable,,"Table Basse LEWISVILLE",1,0,visible,"LEWISVILLE - Beige / Blanc","<strong>Ajoutez une touche d'élégance à votre salon avec la table basse LEWISVILLE !</strong>\n\nLa table basse LEWISVILLE en beige et blanc offre un mariage subtil de couleurs et de fonctionnalité.\n\nAvec son design élégant et ses lignes épurées, elle apporte une touche de sophistication à votre salon tout en offrant un espace pratique pour poser vos objets essentiels.\n\nOptez pour le raffinement et la praticité avec la table basse LEWISVILLE , son design intemporel et ses couleurs apaisantes en font un élément central de votre salon, parfait pour partager des moments de convivialité avec vos proches.",,,taxable,,1,,,0,0,,,,,1,,,,Sejour,sejour,,"http://ecom.local/wp-content/uploads/2024/12/10092413217-2.png, http://ecom.local/wp-content/uploads/2024/12/10092413217-1.png",,,,,,,,,0,"{""color"":{""name"":""color"",""type"":""color"",""terms"":{""blanc"":{""name"":""blanc"",""color"":""#ffffff"",""image"":"""",""show_tooltip"":"""",""tooltip_text"":"""",""tooltip_image"":"""",""image_size"":""""}}},""Size"":{""name"":""Size"",""type"":""radio"",""terms"":{""M"":{""name"":""M"",""color"":"""",""image"":"""",""show_tooltip"":"""",""tooltip_text"":"""",""tooltip_image"":"""",""image_size"":""""}}}}",color,blanc,1,1,Size,M,1,1,,,
742,variation,,"Table Basse LEWISVILLE - blanc, M",1,0,visible,,,,,taxable,parent,1,,,0,0,,,,,0,,,500,,,,http://ecom.local/wp-content/uploads/2024/12/10092413217-2.png,,,id:741,,,,,,1,,color,blanc,,1,Size,M,,1,,,
746,variable,,"Vitrine LEWISVILLE",1,0,visible,"<h3 class=""page-title""><span class=""base"" data-ui-id=""page-title-wrapper"">Vitrine LEWISVILLE- Beige / Crème</span></h3>","<strong>Intégrez une élégance discrète à votre espace avec notre Vitrine LEWISVILLE de 60 cm !</strong>\n\nLa Vitrine LEWISVILLE de 60 cm en beige offre une solution de rangement délicate pour vos objets préférés.\n\nAvec ses dimensions compactes, elle s'adapte facilement à divers espaces, ajoutant une touche de sophistication sans compromettre la praticité.\n\nLa teinte beige douce crée une atmosphère chaleureuse, tandis que la porte vitrée permet de mettre en valeur vos trésors tout en les protégeant.\n\nLes étagères bien conçues offrent un espace organisé pour une présentation élégante. Idéale pour ceux qui cherchent à optimiser l'espace sans sacrifier le style, la Vitrine LEWISVILLE est une addition charmante à tout intérieur.\n\nTransformez votre espace avec la Vitrine LEWISVILLE.",,,taxable,,1,,,0,0,,,,,1,,,,Sejour,"Vitrine LEWISVILLE.",,"http://ecom.local/wp-content/uploads/2024/12/10092408217-2.png, http://ecom.local/wp-content/uploads/2024/12/10092408217-1.png",,,,,,,,,0,"{""color"":{""name"":""color"",""type"":""color"",""terms"":{""blanc"":{""name"":""blanc"",""color"":""#ffffff"",""image"":"""",""show_tooltip"":"""",""tooltip_text"":"""",""tooltip_image"":"""",""image_size"":""""}}},""Size"":{""name"":""Size"",""type"":""radio"",""terms"":{""L"":{""name"":""L"",""color"":"""",""image"":"""",""show_tooltip"":"""",""tooltip_text"":"""",""tooltip_image"":"""",""image_size"":""""}}}}",color,blanc,1,1,Size,L,1,1,,,
749,variation,,"Vitrine LEWISVILLE - blanc, L",1,0,visible,,,,,taxable,parent,1,,,0,0,,,,,0,,,550,,,,http://ecom.local/wp-content/uploads/2024/12/10092408217-2.png,,,id:746,,,,,,1,,color,blanc,,1,Size,L,,1,,,
750,variable,,"Table Basse VODOL",1,0,visible,"<h3 class=""page-title""><span class=""base"" data-ui-id=""page-title-wrapper"">Table Basse VODOL - Beige / Noir</span></h3>","<strong>Ajoutez une note de sophistication à votre salon avec la Table Basse VODOL en beige et noir, dotée de deux niches !</strong>\n\nCette table basse est à la fois fonctionnelle et élégante, idéale pour compléter votre espace de vie.\n\nAvec son design moderne et sa combinaison de couleurs beige et noir, elle apporte une touche de style contemporain à votre salon.\n\nLes deux niches offrent un espace de rangement pratique pour vos magazines, télécommandes et autres articles essentiels du quotidien, tout en gardant votre salon bien organisé.\n\nNe manquez pas l'occasion d'ajouter à la fois style et fonctionnalité à votre salon avec la Table Basse VODOL.\n\nCommandez la vôtre dès maintenant pour une expérience de salon améliorée.",,,taxable,,1,20,,0,0,,,,,1,,,,Sejour,sejour,,"http://ecom.local/wp-content/uploads/2024/12/10092421439-12.png, http://ecom.local/wp-content/uploads/2024/12/10092421439-amb1_1_.png",,,,,,,,,0,"{""color"":{""name"":""color"",""type"":""color"",""terms"":{""blanc"":{""name"":""blanc"",""color"":""#ffffff"",""image"":"""",""show_tooltip"":"""",""tooltip_text"":"""",""tooltip_image"":"""",""image_size"":""""}}},""Size"":{""name"":""Size"",""type"":""radio"",""terms"":{""M"":{""name"":""M"",""color"":"""",""image"":"""",""show_tooltip"":"""",""tooltip_text"":"""",""tooltip_image"":"""",""image_size"":""""}}}}",color,blanc,1,1,Size,M,1,1,,,
751,variation,,"Table Basse VODOL - blanc, M",1,0,visible,,,,,taxable,parent,1,,,0,0,,,,,0,,,600,,,,http://ecom.local/wp-content/uploads/2024/12/10092421439-12.png,,,id:750,,,,,,1,,color,blanc,,1,Size,M,,1,,,
756,variable,"Vitrine VODOL-55","Vitrine VODOL",1,0,visible,"<h3 class=""page-title""><span class=""base"" data-ui-id=""page-title-wrapper"">Vitrine VODOL - Beige / Noir</span></h3>","<strong>Ajoutez une touche d'élégance et de sophistication à votre espace de vie avec la Vitrine VODOL en beige et noir !</strong>\n\nCette vitrine combine un design moderne avec une fonctionnalité exceptionnelle pour mettre en valeur vos objets précieux et décoratifs.\n\nAvec sa combinaison de couleurs beige et noir, elle apporte une esthétique raffinée à votre intérieur, s'harmonisant parfaitement avec différents styles de décoration.\n\nSes étagères spacieuses et ses portes permettent de mettre en valeur vos objets de collection tout en les protégeant de la poussière et des dommages.\n\nNe manquez pas l'occasion d'ajouter une pièce maîtresse à votre salon ou votre salle à manger avec la Vitrine VODOL en beige et noir.\n\nCommandez la vôtre dès maintenant pour une expérience de décoration exceptionnelle.",,,taxable,,1,,,0,0,,,,,1,,,,Sejour,,,http://ecom.local/wp-content/uploads/2024/12/download.jpeg,,,,,,,,,0,"{""color"":{""name"":""color"",""type"":""color"",""terms"":{""beige clair"":{""name"":""beige clair"",""color"":""#d0c6bd"",""image"":"""",""show_tooltip"":"""",""tooltip_text"":"""",""tooltip_image"":"""",""image_size"":""""},""blanc"":{""name"":""blanc"",""color"":""#ffffff"",""image"":"""",""show_tooltip"":"""",""tooltip_text"":"""",""tooltip_image"":"""",""image_size"":""""},""Bleu"":{""name"":""Bleu"",""color"":""#136ebf"",""image"":"""",""show_tooltip"":"""",""tooltip_text"":"""",""tooltip_image"":"""",""image_size"":""""}}},""Size"":{""name"":""Size"",""type"":""radio"",""terms"":{""L"":{""name"":""L"",""color"":"""",""image"":"""",""show_tooltip"":"""",""tooltip_text"":"""",""tooltip_image"":"""",""image_size"":""""}}}}",color,"beige clair, blanc, Bleu",1,1,Size,L,1,1,,,
757,variation,,"Vitrine VODOL - beige clair, L",1,0,visible,,,,,taxable,parent,1,,,0,0,,,,,0,,,450,,,,http://ecom.local/wp-content/uploads/2024/12/10092417439-11.png,,,"Vitrine VODOL-55",,,,,,1,,color,"beige clair",,1,Size,L,,1,,,
758,variation,,"Vitrine VODOL - blanc, L",1,0,visible,,,,,taxable,parent,1,,,0,0,,,,,0,,,350,,,,http://ecom.local/wp-content/uploads/2024/12/10092417439-11.png,,,"Vitrine VODOL-55",,,,,,2,,color,blanc,,1,Size,L,,1,,,
759,variation,,"Vitrine VODOL - Bleu, L",1,0,visible,,,,,taxable,parent,1,,,0,0,,,,,0,,,300,,,,http://ecom.local/wp-content/uploads/2024/12/10092417439-11.png,,,"Vitrine VODOL-55",,,,,,3,,color,Bleu,,1,Size,L,,1,,,
762,variable,"Table à manger Extensible VODOL -9","Table à manger Extensible VODOL",1,0,visible,"<h3 class=""page-title""><span class=""base"" data-ui-id=""page-title-wrapper"">Table à manger Extensible VODOL - Beige / Noir</span></h3>","<strong>Offrez-vous le luxe de la polyvalence avec la Table à Manger Extensible VODOL en Beige / Noir, extensible de 160 à 200 !</strong>\n\nIdéale pour les grandes réunions de famille ou les dîners intimes, cette table à manger s'adapte facilement à vos besoins changeants, offrant un espace confortable pour tous vos convives.\n\nNe manquez pas cette occasion de posséder une pièce aussi pratique et élégante.\n\nCommandez dès maintenant votre Table à Manger Extensible VODOL et transformez vos repas en de véritables moments de convivialité.",,,taxable,,1,20,,0,0,,,,,1,,,,Sejour,sejour,,"http://ecom.local/wp-content/uploads/2024/12/10092422439-1.png, http://ecom.local/wp-content/uploads/2024/12/10092422439-amb.png",,,,,,,,,0,"{""color"":{""name"":""color"",""type"":""color"",""terms"":{""blanc"":{""name"":""blanc"",""color"":""#ffffff"",""image"":"""",""show_tooltip"":"""",""tooltip_text"":"""",""tooltip_image"":"""",""image_size"":""""},""brun rouille"":{""name"":""brun rouille"",""color"":""#88421d"",""image"":"""",""show_tooltip"":"""",""tooltip_text"":"""",""tooltip_image"":"""",""image_size"":""""}}},""Size"":{""name"":""Size"",""type"":""radio"",""terms"":{""L"":{""name"":""L"",""color"":"""",""image"":"""",""show_tooltip"":"""",""tooltip_text"":"""",""tooltip_image"":"""",""image_size"":""""}}}}",color,"blanc, brun rouille",1,1,Size,L,1,1,,,
763,variation,,"Table à manger Extensible VODOL - blanc, L",1,0,visible,,,,,taxable,parent,1,,,0,0,,,,,0,,,600,,,,http://ecom.local/wp-content/uploads/2024/12/10092422439-1.png,,,"Table à manger Extensible VODOL -9",,,,,,1,,color,blanc,,1,Size,L,,1,,,
764,variation,"Table à manger Extensible VODOL","Table à manger Extensible VODOL - brun rouille, L",1,0,visible,,,,,taxable,parent,1,,,0,0,,,,,0,,,550,,,,http://ecom.local/wp-content/uploads/2024/12/10092422439-1.png,,,"Table à manger Extensible VODOL -9",,,,,,2,,color,"brun rouille",,1,Size,L,,1,,,
768,simple,"Table À Manger INFINITO","Table À Manger INFINITO - Gris Anthracite / Marron",1,0,visible,"<h3 class=""page-title""><span class=""base"" data-ui-id=""page-title-wrapper"">Table À Manger INFINITO - Gris Anthracite / Marron</span></h3>","<strong>Créez une atmosphère élégante dans votre salle à manger avec la Table À Manger INFINITO en gris anthracite et Marron !</strong>\n\nSon design moderne et ses finitions raffinées apportent une touche sophistiquée à votre espace de repas.\n\nLa combinaison du gris et du marron crée un contraste esthétique qui attire l'attention. La table est non seulement un lieu de rassemblement, mais aussi un élément central de votre décoration intérieure.\n\nAvec l'INFINITO, partagez des repas mémorables dans un cadre élégant et fonctionnel.\n\nOptez pour le style et la qualité avec la Table À Manger INFINITO, où la convivialité rencontre le design contemporain.",,,taxable,,1,60,,0,0,,,,,1,,,500,Sejour,table,,"http://ecom.local/wp-content/uploads/2024/12/10087101192-base1.jpg, http://ecom.local/wp-content/uploads/2024/12/10087101192-base1.jpg, http://ecom.local/wp-content/uploads/2024/12/10087101192-hover22_2.jpg",,,,,,,,,0,"{""color"":{""name"":""color"",""type"":""color"",""terms"":{""blanc"":{""name"":""blanc"",""color"":""#ffffff"",""image"":"""",""show_tooltip"":"""",""tooltip_text"":"""",""tooltip_image"":"""",""image_size"":""""}}},""Size"":{""name"":""Size"",""type"":""radio"",""terms"":{""M"":{""name"":""M"",""color"":"""",""image"":"""",""show_tooltip"":"""",""tooltip_text"":"""",""tooltip_image"":"""",""image_size"":""""}}}}",color,blanc,1,1,Size,M,1,1,,,
